"STATION","NAME","DATE","TMAX","TMIN","TOBS"
"USC00042319","DEATH VALLEY NATIONAL PARK, CA US","2021-01-01","71","51","56"
"USC00042319","DEATH VALLEY NATIONAL PARK, CA US","2021-01-02","67","42","51"
"USC00042319","DEATH VALLEY NATIONAL PARK, CA US","2021-01-03","66","41","49"
"USC00042319","DEATH VALLEY NATIONAL PARK, CA US","2021-01-04","66","41","48"
"USC00042319","DEATH VALLEY NATIONAL PARK, CA US","2021-01-05","70","40","52"
"USC00042319","DEATH VALLEY NATIONAL PARK, CA US","2021-01-06","69","40","50"
"USC00042319","DEATH VALLEY NATIONAL PARK, CA US","2021-01-07","60","38","44"
"USC00042319","DEATH VALLEY NATIONAL PARK, CA US","2021-01-08","65","33","44"
"USC00042319","DEATH VALLEY NATIONAL PARK, CA US","2021-01-09","71","41","56"
"USC00042319","DEATH VALLEY NATIONAL PARK, CA US","2021-01-10","70","49","51"
"USC00042319","DEATH VALLEY NATIONAL PARK, CA US","2021-01-11","67","37","45"
"USC00042319","DEATH VALLEY NATIONAL PARK, CA US","2021-01-12","61","37","48"
"USC00042319","DEATH VALLEY NATIONAL PARK, CA US","2021-01-13","66","37","47"
"USC00042319","DEATH VALLEY NATIONAL PARK, CA US","2021-01-14","71","39","48"
"USC00042319","DEATH VALLEY NATIONAL PARK, CA US","2021-01-15","76","40","53"
"USC00042319","DEATH VALLEY NATIONAL PARK, CA US","2021-01-16","90","42","60"
"USC00042319","DEATH VALLEY NATIONAL PARK, CA US","2021-01-17","80","51","54"
"USC00042319","DEATH VALLEY NATIONAL PARK, CA US","2021-01-18","83","48","63"
"USC00042319","DEATH VALLEY NATIONAL PARK, CA US","2021-01-19","69","55","65"
"USC00042319","DEATH VALLEY NATIONAL PARK, CA US","2021-01-20","75","53","58"
"USC00042319","DEATH VALLEY NATIONAL PARK, CA US","2021-01-21","75","44","55"
"USC00042319","DEATH VALLEY NATIONAL PARK, CA US","2021-01-22","75","46","56"
"USC00042319","DEATH VALLEY NATIONAL PARK, CA US","2021-01-23","69","48","49"
"USC00042319","DEATH VALLEY NATIONAL PARK, CA US","2021-01-24","67","46","55"
"USC00042319","DEATH VALLEY NATIONAL PARK, CA US","2021-01-25","57","44","44"
"USC00042319","DEATH VALLEY NATIONAL PARK, CA US","2021-01-26","60","40","52"
"USC00042319","DEATH VALLEY NATIONAL PARK, CA US","2021-01-27","60","46","48"
"USC00042319","DEATH VALLEY NATIONAL PARK, CA US","2021-01-28","71","44","66"
"USC00042319","DEATH VALLEY NATIONAL PARK, CA US","2021-01-29","71","51","54"
"USC00042319","DEATH VALLEY NATIONAL PARK, CA US","2021-01-30","68","41","52"
"USC00042319","DEATH VALLEY NATIONAL PARK, CA US","2021-01-31","68","40","55"
"USC00042319","DEATH VALLEY NATIONAL PARK, CA US","2021-02-01","73","51","52"
"USC00042319","DEATH VALLEY NATIONAL PARK, CA US","2021-02-02","74","43","55"
"USC00042319","DEATH VALLEY NATIONAL PARK, CA US","2021-02-03","76","44","61"
"USC00042319","DEATH VALLEY NATIONAL PARK, CA US","2021-02-04","72","56","61"
"USC00042319","DEATH VALLEY NATIONAL PARK, CA US","2021-02-05","76","51","64"
"USC00042319","DEATH VALLEY NATIONAL PARK, CA US","2021-02-06","80","56","57"
"USC00042319","DEATH VALLEY NATIONAL PARK, CA US","2021-02-07","78","43","56"
"USC00042319","DEATH VALLEY NATIONAL PARK, CA US","2021-02-08","74","42","59"
"USC00042319","DEATH VALLEY NATIONAL PARK, CA US","2021-02-09","73","50","58"
"USC00042319","DEATH VALLEY NATIONAL PARK, CA US","2021-02-10","81","49","58"
"USC00042319","DEATH VALLEY NATIONAL PARK, CA US","2021-02-11","74","48","57"
"USC00042319","DEATH VALLEY NATIONAL PARK, CA US","2021-02-12","83","49","65"
"USC00042319","DEATH VALLEY NATIONAL PARK, CA US","2021-02-13","78","58","62"
"USC00042319","DEATH VALLEY NATIONAL PARK, CA US","2021-02-14","74","55","55"
"USC00042319","DEATH VALLEY NATIONAL PARK, CA US","2021-02-15","75","46","52"
"USC00042319","DEATH VALLEY NATIONAL PARK, CA US","2021-02-16","78","48","64"
"USC00042319","DEATH VALLEY NATIONAL PARK, CA US","2021-02-17","71","54","60"
"USC00042319","DEATH VALLEY NATIONAL PARK, CA US","2021-02-18","70","48","56"
"USC00042319","DEATH VALLEY NATIONAL PARK, CA US","2021-02-19","74","42","55"
"USC00042319","DEATH VALLEY NATIONAL PARK, CA US","2021-02-20","76","41","62"
"USC00042319","DEATH VALLEY NATIONAL PARK, CA US","2021-02-21","76","55","55"
"USC00042319","DEATH VALLEY NATIONAL PARK, CA US","2021-02-22","81","51",
"USC00042319","DEATH VALLEY NATIONAL PARK, CA US","2021-02-23","84","47","64"
"USC00042319","DEATH VALLEY NATIONAL PARK, CA US","2021-02-24","84","57",
"USC00042319","DEATH VALLEY NATIONAL PARK, CA US","2021-02-25","73","51","52"
"USC00042319","DEATH VALLEY NATIONAL PARK, CA US","2021-02-26","75","38","62"
"USC00042319","DEATH VALLEY NATIONAL PARK, CA US","2021-02-27","74","57","58"
"USC00042319","DEATH VALLEY NATIONAL PARK, CA US","2021-02-28","71","49","52"
"USC00042319","DEATH VALLEY NATIONAL PARK, CA US","2021-03-01","73","40","54"
"USC00042319","DEATH VALLEY NATIONAL PARK, CA US","2021-03-02","79","43","60"
"USC00042319","DEATH VALLEY NATIONAL PARK, CA US","2021-03-03","74","43","62"
"USC00042319","DEATH VALLEY NATIONAL PARK, CA US","2021-03-04","78","50","61"
"USC00042319","DEATH VALLEY NATIONAL PARK, CA US","2021-03-05","84","48","61"
"USC00042319","DEATH VALLEY NATIONAL PARK, CA US","2021-03-06","85","49","67"
"USC00042319","DEATH VALLEY NATIONAL PARK, CA US","2021-03-07","79","51","62"
"USC00042319","DEATH VALLEY NATIONAL PARK, CA US","2021-03-08","83","58","66"
"USC00042319","DEATH VALLEY NATIONAL PARK, CA US","2021-03-09","76","56","60"
"USC00042319","DEATH VALLEY NATIONAL PARK, CA US","2021-03-10","71","54","56"
"USC00042319","DEATH VALLEY NATIONAL PARK, CA US","2021-03-11","67","49","53"
"USC00042319","DEATH VALLEY NATIONAL PARK, CA US","2021-03-12","68","46","54"
"USC00042319","DEATH VALLEY NATIONAL PARK, CA US","2021-03-13","76","44","56"
"USC00042319","DEATH VALLEY NATIONAL PARK, CA US","2021-03-14","78","44","62"
"USC00042319","DEATH VALLEY NATIONAL PARK, CA US","2021-03-15","71","52","52"
"USC00042319","DEATH VALLEY NATIONAL PARK, CA US","2021-03-16","75","50","58"
"USC00042319","DEATH VALLEY NATIONAL PARK, CA US","2021-03-17","77","47","68"
"USC00042319","DEATH VALLEY NATIONAL PARK, CA US","2021-03-18","86","58","68"
"USC00042319","DEATH VALLEY NATIONAL PARK, CA US","2021-03-19","91","55",
"USC00042319","DEATH VALLEY NATIONAL PARK, CA US","2021-03-20","87","65","65"
"USC00042319","DEATH VALLEY NATIONAL PARK, CA US","2021-03-21","78","59","67"
"USC00042319","DEATH VALLEY NATIONAL PARK, CA US","2021-03-22","80","56","70"
"USC00042319","DEATH VALLEY NATIONAL PARK, CA US","2021-03-23","70","62","63"
"USC00042319","DEATH VALLEY NATIONAL PARK, CA US","2021-03-24","80","56","64"
"USC00042319","DEATH VALLEY NATIONAL PARK, CA US","2021-03-25","82","55","67"
"USC00042319","DEATH VALLEY NATIONAL PARK, CA US","2021-03-26","80","60","69"
"USC00042319","DEATH VALLEY NATIONAL PARK, CA US","2021-03-27","90","64","70"
"USC00042319","DEATH VALLEY NATIONAL PARK, CA US","2021-03-28","91","56","75"
"USC00042319","DEATH VALLEY NATIONAL PARK, CA US","2021-03-29","95","56","78"
"USC00042319","DEATH VALLEY NATIONAL PARK, CA US","2021-03-30","84","65","72"
"USC00042319","DEATH VALLEY NATIONAL PARK, CA US","2021-03-31","90","65","71"
"USC00042319","DEATH VALLEY NATIONAL PARK, CA US","2021-04-01","93","55","75"
"USC00042319","DEATH VALLEY NATIONAL PARK, CA US","2021-04-02","98","60","80"
"USC00042319","DEATH VALLEY NATIONAL PARK, CA US","2021-04-03","100","59","78"
"USC00042319","DEATH VALLEY NATIONAL PARK, CA US","2021-04-04","100","65","84"
"USC00042319","DEATH VALLEY NATIONAL PARK, CA US","2021-04-05","100","64","76"
"USC00042319","DEATH VALLEY NATIONAL PARK, CA US","2021-04-06","95","73","80"
"USC00042319","DEATH VALLEY NATIONAL PARK, CA US","2021-04-07","97","63","78"
"USC00042319","DEATH VALLEY NATIONAL PARK, CA US","2021-04-08","97","67","82"
"USC00042319","DEATH VALLEY NATIONAL PARK, CA US","2021-04-09","96","72","83"
"USC00042319","DEATH VALLEY NATIONAL PARK, CA US","2021-04-10","100","66","80"
"USC00042319","DEATH VALLEY NATIONAL PARK, CA US","2021-04-11","101","66","84"
"USC00042319","DEATH VALLEY NATIONAL PARK, CA US","2021-04-12","98","76","81"
"USC00042319","DEATH VALLEY NATIONAL PARK, CA US","2021-04-13","99","74","78"
"USC00042319","DEATH VALLEY NATIONAL PARK, CA US","2021-04-14","86","69","72"
"USC00042319","DEATH VALLEY NATIONAL PARK, CA US","2021-04-15","87","63","69"
"USC00042319","DEATH VALLEY NATIONAL PARK, CA US","2021-04-16","92","63","81"
"USC00042319","DEATH VALLEY NATIONAL PARK, CA US","2021-04-17","91","71","73"
"USC00042319","DEATH VALLEY NATIONAL PARK, CA US","2021-04-18","94","65","77"
"USC00042319","DEATH VALLEY NATIONAL PARK, CA US","2021-04-19","98","60","80"
"USC00042319","DEATH VALLEY NATIONAL PARK, CA US","2021-04-20","100","63","84"
"USC00042319","DEATH VALLEY NATIONAL PARK, CA US","2021-04-21","93","72","77"
"USC00042319","DEATH VALLEY NATIONAL PARK, CA US","2021-04-22","97","65","77"
"USC00042319","DEATH VALLEY NATIONAL PARK, CA US","2021-04-23","96","70","82"
"USC00042319","DEATH VALLEY NATIONAL PARK, CA US","2021-04-24","97","73","81"
"USC00042319","DEATH VALLEY NATIONAL PARK, CA US","2021-04-25","86","71","71"
"USC00042319","DEATH VALLEY NATIONAL PARK, CA US","2021-04-26","83","57","58"
"USC00042319","DEATH VALLEY NATIONAL PARK, CA US","2021-04-27","84","55","74"
"USC00042319","DEATH VALLEY NATIONAL PARK, CA US","2021-04-28","99","65","84"
"USC00042319","DEATH VALLEY NATIONAL PARK, CA US","2021-04-29","103","74","89"
"USC00042319","DEATH VALLEY NATIONAL PARK, CA US","2021-04-30","108","70","91"
"USC00042319","DEATH VALLEY NATIONAL PARK, CA US","2021-05-01","107","86","88"
"USC00042319","DEATH VALLEY NATIONAL PARK, CA US","2021-05-02","100","76","84"
"USC00042319","DEATH VALLEY NATIONAL PARK, CA US","2021-05-03","99","74","88"
"USC00042319","DEATH VALLEY NATIONAL PARK, CA US","2021-05-04",,"72","89"
"USC00042319","DEATH VALLEY NATIONAL PARK, CA US","2021-05-05","106","74","92"
"USC00042319","DEATH VALLEY NATIONAL PARK, CA US","2021-05-06","108","84","91"
"USC00042319","DEATH VALLEY NATIONAL PARK, CA US","2021-05-07","106","83","86"
"USC00042319","DEATH VALLEY NATIONAL PARK, CA US","2021-05-08","100","74","87"
"USC00042319","DEATH VALLEY NATIONAL PARK, CA US","2021-05-09","101","76","82"
"USC00042319","DEATH VALLEY NATIONAL PARK, CA US","2021-05-10","101","77","89"
"USC00042319","DEATH VALLEY NATIONAL PARK, CA US","2021-05-11","99","81","84"
"USC00042319","DEATH VALLEY NATIONAL PARK, CA US","2021-05-12","108","75","91"
"USC00042319","DEATH VALLEY NATIONAL PARK, CA US","2021-05-13","111","82","91"
"USC00042319","DEATH VALLEY NATIONAL PARK, CA US","2021-05-14","110","83","90"
"USC00042319","DEATH VALLEY NATIONAL PARK, CA US","2021-05-15","103","82","82"
"USC00042319","DEATH VALLEY NATIONAL PARK, CA US","2021-05-16","93","74","83"
"USC00042319","DEATH VALLEY NATIONAL PARK, CA US","2021-05-17","103","71","89"
"USC00042319","DEATH VALLEY NATIONAL PARK, CA US","2021-05-18","109","79","93"
"USC00042319","DEATH VALLEY NATIONAL PARK, CA US","2021-05-19","107","83","86"
"USC00042319","DEATH VALLEY NATIONAL PARK, CA US","2021-05-20","99","73","73"
"USC00042319","DEATH VALLEY NATIONAL PARK, CA US","2021-05-21","79","64","71"
"USC00042319","DEATH VALLEY NATIONAL PARK, CA US","2021-05-22","85","64","74"
"USC00042319","DEATH VALLEY NATIONAL PARK, CA US","2021-05-23","93","61","78"
"USC00042319","DEATH VALLEY NATIONAL PARK, CA US","2021-05-24","99","72","87"
"USC00042319","DEATH VALLEY NATIONAL PARK, CA US","2021-05-25","106","71","91"
"USC00042319","DEATH VALLEY NATIONAL PARK, CA US","2021-05-26","104","77","86"
"USC00042319","DEATH VALLEY NATIONAL PARK, CA US","2021-05-27","110","81","90"
"USC00042319","DEATH VALLEY NATIONAL PARK, CA US","2021-05-28","108","84","90"
"USC00042319","DEATH VALLEY NATIONAL PARK, CA US","2021-05-29","107","84","93"
"USC00042319","DEATH VALLEY NATIONAL PARK, CA US","2021-05-30","115","80","95"
"USC00042319","DEATH VALLEY NATIONAL PARK, CA US","2021-05-31","115","88","99"
"USC00042319","DEATH VALLEY NATIONAL PARK, CA US","2021-06-01","115","82","100"
"USC00042319","DEATH VALLEY NATIONAL PARK, CA US","2021-06-02","118","87","100"
"USC00042319","DEATH VALLEY NATIONAL PARK, CA US","2021-06-03","120","95","103"
"USC00042319","DEATH VALLEY NATIONAL PARK, CA US","2021-06-04","121","97","101"
"USC00042319","DEATH VALLEY NATIONAL PARK, CA US","2021-06-05","119","94","99"
"USC00042319","DEATH VALLEY NATIONAL PARK, CA US","2021-06-06","113","92","96"
"USC00042319","DEATH VALLEY NATIONAL PARK, CA US","2021-06-07","103","85","85"
"USC00042319","DEATH VALLEY NATIONAL PARK, CA US","2021-06-08","104","78","88"
"USC00042319","DEATH VALLEY NATIONAL PARK, CA US","2021-06-09","102","80","81"
"USC00042319","DEATH VALLEY NATIONAL PARK, CA US","2021-06-10","97","70","84"
"USC00042319","DEATH VALLEY NATIONAL PARK, CA US","2021-06-11","105","73","91"
"USC00042319","DEATH VALLEY NATIONAL PARK, CA US","2021-06-12","112","78","96"
"USC00042319","DEATH VALLEY NATIONAL PARK, CA US","2021-06-13","116","83","99"
"USC00042319","DEATH VALLEY NATIONAL PARK, CA US","2021-06-14","118","88","101"
"USC00042319","DEATH VALLEY NATIONAL PARK, CA US","2021-06-15","124","88","105"
"USC00042319","DEATH VALLEY NATIONAL PARK, CA US","2021-06-16","125","91","108"
"USC00042319","DEATH VALLEY NATIONAL PARK, CA US","2021-06-17","128","94","113"
"USC00042319","DEATH VALLEY NATIONAL PARK, CA US","2021-06-18","124","101","107"
"USC00042319","DEATH VALLEY NATIONAL PARK, CA US","2021-06-19","125","97","108"
"USC00042319","DEATH VALLEY NATIONAL PARK, CA US","2021-06-20","124","98","104"
"USC00042319","DEATH VALLEY NATIONAL PARK, CA US","2021-06-21","122","96","105"
"USC00042319","DEATH VALLEY NATIONAL PARK, CA US","2021-06-22","117","94","102"
"USC00042319","DEATH VALLEY NATIONAL PARK, CA US","2021-06-23","108","94","94"
"USC00042319","DEATH VALLEY NATIONAL PARK, CA US","2021-06-24","113","86","96"
"USC00042319","DEATH VALLEY NATIONAL PARK, CA US","2021-06-25","114","89","100"
"USC00042319","DEATH VALLEY NATIONAL PARK, CA US","2021-06-26","122","86","105"
"USC00042319","DEATH VALLEY NATIONAL PARK, CA US","2021-06-27","122","98","106"
"USC00042319","DEATH VALLEY NATIONAL PARK, CA US","2021-06-28","126","95","113"
"USC00042319","DEATH VALLEY NATIONAL PARK, CA US","2021-06-29","121","96","97"
"USC00042319","DEATH VALLEY NATIONAL PARK, CA US","2021-06-30","114","93","97"
"USC00042319","DEATH VALLEY NATIONAL PARK, CA US","2021-07-01","117","91","102"
"USC00042319","DEATH VALLEY NATIONAL PARK, CA US","2021-07-02","119","94","102"
"USC00042319","DEATH VALLEY NATIONAL PARK, CA US","2021-07-03","112","97","98"
"USC00042319","DEATH VALLEY NATIONAL PARK, CA US","2021-07-04","120","89","100"
"USC00042319","DEATH VALLEY NATIONAL PARK, CA US","2021-07-05","120","93","103"
"USC00042319","DEATH VALLEY NATIONAL PARK, CA US","2021-07-06","124","96","105"
"USC00042319","DEATH VALLEY NATIONAL PARK, CA US","2021-07-07","126","101","109"
"USC00042319","DEATH VALLEY NATIONAL PARK, CA US","2021-07-08","126","100","110"
"USC00042319","DEATH VALLEY NATIONAL PARK, CA US","2021-07-09","130","104","110"
"USC00042319","DEATH VALLEY NATIONAL PARK, CA US","2021-07-10","129","99","113"
"USC00042319","DEATH VALLEY NATIONAL PARK, CA US","2021-07-11","128","102","112"
"USC00042319","DEATH VALLEY NATIONAL PARK, CA US","2021-07-12","127","99","113"
"USC00042319","DEATH VALLEY NATIONAL PARK, CA US","2021-07-13","121","103","108"
"USC00042319","DEATH VALLEY NATIONAL PARK, CA US","2021-07-14","120","99","104"
"USC00042319","DEATH VALLEY NATIONAL PARK, CA US","2021-07-15","119","98","103"
"USC00042319","DEATH VALLEY NATIONAL PARK, CA US","2021-07-16","119","95","105"
"USC00042319","DEATH VALLEY NATIONAL PARK, CA US","2021-07-17","119","97","108"
"USC00042319","DEATH VALLEY NATIONAL PARK, CA US","2021-07-18","119","101","101"
"USC00042319","DEATH VALLEY NATIONAL PARK, CA US","2021-07-19","117","88","98"
"USC00042319","DEATH VALLEY NATIONAL PARK, CA US","2021-07-20","120","90","101"
"USC00042319","DEATH VALLEY NATIONAL PARK, CA US","2021-07-21","115","98",
"USC00042319","DEATH VALLEY NATIONAL PARK, CA US","2021-07-22","119","94","105"
"USC00042319","DEATH VALLEY NATIONAL PARK, CA US","2021-07-23","118","100","103"
"USC00042319","DEATH VALLEY NATIONAL PARK, CA US","2021-07-24","114","94","105"
"USC00042319","DEATH VALLEY NATIONAL PARK, CA US","2021-07-25","118","92","96"
"USC00042319","DEATH VALLEY NATIONAL PARK, CA US","2021-07-26","101","78","83"
"USC00042319","DEATH VALLEY NATIONAL PARK, CA US","2021-07-27","112","80","101"
"USC00042319","DEATH VALLEY NATIONAL PARK, CA US","2021-07-28","119","89","102"
"USC00042319","DEATH VALLEY NATIONAL PARK, CA US","2021-07-29","117","93","102"
"USC00042319","DEATH VALLEY NATIONAL PARK, CA US","2021-07-30","109","80","89"
"USC00042319","DEATH VALLEY NATIONAL PARK, CA US","2021-07-31","103","85","89"
"USC00042319","DEATH VALLEY NATIONAL PARK, CA US","2021-08-01","115","86","104"
"USC00042319","DEATH VALLEY NATIONAL PARK, CA US","2021-08-02","120","91","106"
"USC00042319","DEATH VALLEY NATIONAL PARK, CA US","2021-08-03","122","87","109"
"USC00042319","DEATH VALLEY NATIONAL PARK, CA US","2021-08-04","126","90","104"
"USC00042319","DEATH VALLEY NATIONAL PARK, CA US","2021-08-05","122","98","107"
"USC00042319","DEATH VALLEY NATIONAL PARK, CA US","2021-08-06","118","91","94"
"USC00042319","DEATH VALLEY NATIONAL PARK, CA US","2021-08-07","115","84","100"
"USC00042319","DEATH VALLEY NATIONAL PARK, CA US","2021-08-08","119","90","99"
"USC00042319","DEATH VALLEY NATIONAL PARK, CA US","2021-08-09","118","92","102"
"USC00042319","DEATH VALLEY NATIONAL PARK, CA US","2021-08-10","120","93","99"
"USC00042319","DEATH VALLEY NATIONAL PARK, CA US","2021-08-11","117","96","104"
"USC00042319","DEATH VALLEY NATIONAL PARK, CA US","2021-08-12","116","97","104"
"USC00042319","DEATH VALLEY NATIONAL PARK, CA US","2021-08-13","117","97","108"
"USC00042319","DEATH VALLEY NATIONAL PARK, CA US","2021-08-14","118","98","107"
"USC00042319","DEATH VALLEY NATIONAL PARK, CA US","2021-08-15","122","99","107"
"USC00042319","DEATH VALLEY NATIONAL PARK, CA US","2021-08-16","120","101","106"
"USC00042319","DEATH VALLEY NATIONAL PARK, CA US","2021-08-17","117","98","99"
"USC00042319","DEATH VALLEY NATIONAL PARK, CA US","2021-08-18","108","94","94"
"USC00042319","DEATH VALLEY NATIONAL PARK, CA US","2021-08-19","104","82","89"
"USC00042319","DEATH VALLEY NATIONAL PARK, CA US","2021-08-20","108","82","97"
"USC00042319","DEATH VALLEY NATIONAL PARK, CA US","2021-08-21","109","90","95"
"USC00042319","DEATH VALLEY NATIONAL PARK, CA US","2021-08-22","109","90","96"
"USC00042319","DEATH VALLEY NATIONAL PARK, CA US","2021-08-23","111","91","92"
"USC00042319","DEATH VALLEY NATIONAL PARK, CA US","2021-08-24","112","90","103"
"USC00042319","DEATH VALLEY NATIONAL PARK, CA US","2021-08-25","116","86","101"
"USC00042319","DEATH VALLEY NATIONAL PARK, CA US","2021-08-26","113","85","95"
"USC00042319","DEATH VALLEY NATIONAL PARK, CA US","2021-08-27","116","77","95"
"USC00042319","DEATH VALLEY NATIONAL PARK, CA US","2021-08-28","118","83","102"
"USC00042319","DEATH VALLEY NATIONAL PARK, CA US","2021-08-29","119","86","102"
"USC00042319","DEATH VALLEY NATIONAL PARK, CA US","2021-08-30","120","90","102"
"USC00042319","DEATH VALLEY NATIONAL PARK, CA US","2021-08-31","111","96","100"
"USC00042319","DEATH VALLEY NATIONAL PARK, CA US","2021-09-01","109","91","94"
"USC00042319","DEATH VALLEY NATIONAL PARK, CA US","2021-09-02","110","85","93"
"USC00042319","DEATH VALLEY NATIONAL PARK, CA US","2021-09-03","108","83","90"
"USC00042319","DEATH VALLEY NATIONAL PARK, CA US","2021-09-04","112","75","94"
"USC00042319","DEATH VALLEY NATIONAL PARK, CA US","2021-09-05","116","77","98"
"USC00042319","DEATH VALLEY NATIONAL PARK, CA US","2021-09-06","119","80","102"
"USC00042319","DEATH VALLEY NATIONAL PARK, CA US","2021-09-07","122","86","103"
"USC00042319","DEATH VALLEY NATIONAL PARK, CA US","2021-09-08","120","86","106"
"USC00042319","DEATH VALLEY NATIONAL PARK, CA US","2021-09-09","118","98","101"
"USC00042319","DEATH VALLEY NATIONAL PARK, CA US","2021-09-10","115","91","100"
"USC00042319","DEATH VALLEY NATIONAL PARK, CA US","2021-09-11","113","93","95"
"USC00042319","DEATH VALLEY NATIONAL PARK, CA US","2021-09-12","114","90","96"
"USC00042319","DEATH VALLEY NATIONAL PARK, CA US","2021-09-13","114","84","96"
"USC00042319","DEATH VALLEY NATIONAL PARK, CA US","2021-09-14","112","83","93"
"USC00042319","DEATH VALLEY NATIONAL PARK, CA US","2021-09-15","111","74","90"
"USC00042319","DEATH VALLEY NATIONAL PARK, CA US","2021-09-16","105","84","86"
"USC00042319","DEATH VALLEY NATIONAL PARK, CA US","2021-09-17","106","72","94"
"USC00042319","DEATH VALLEY NATIONAL PARK, CA US","2021-09-18","105","87","90"
"USC00042319","DEATH VALLEY NATIONAL PARK, CA US","2021-09-19","100","81","87"
"USC00042319","DEATH VALLEY NATIONAL PARK, CA US","2021-09-20","102","81","81"
"USC00042319","DEATH VALLEY NATIONAL PARK, CA US","2021-09-21","107","77","88"
"USC00042319","DEATH VALLEY NATIONAL PARK, CA US","2021-09-22","104","70","88"
"USC00042319","DEATH VALLEY NATIONAL PARK, CA US","2021-09-23","108","73","87"
"USC00042319","DEATH VALLEY NATIONAL PARK, CA US","2021-09-24","110","79","91"
"USC00042319","DEATH VALLEY NATIONAL PARK, CA US","2021-09-25","107","80","94"
"USC00042319","DEATH VALLEY NATIONAL PARK, CA US","2021-09-26","107","85","94"
"USC00042319","DEATH VALLEY NATIONAL PARK, CA US","2021-09-27","101","85","90"
"USC00042319","DEATH VALLEY NATIONAL PARK, CA US","2021-09-28","98","81","83"
"USC00042319","DEATH VALLEY NATIONAL PARK, CA US","2021-09-29","94","75","82"
"USC00042319","DEATH VALLEY NATIONAL PARK, CA US","2021-09-30","97","72","78"
"USC00042319","DEATH VALLEY NATIONAL PARK, CA US","2021-10-01","100","63","78"
"USC00042319","DEATH VALLEY NATIONAL PARK, CA US","2021-10-02","101","64","80"
"USC00042319","DEATH VALLEY NATIONAL PARK, CA US","2021-10-03","103","67","87"
"USC00042319","DEATH VALLEY NATIONAL PARK, CA US","2021-10-04","100","69","78"
"USC00042319","DEATH VALLEY NATIONAL PARK, CA US","2021-10-05","96","67","82"
"USC00042319","DEATH VALLEY NATIONAL PARK, CA US","2021-10-06","97","74","83"
"USC00042319","DEATH VALLEY NATIONAL PARK, CA US","2021-10-07","97","72","83"
"USC00042319","DEATH VALLEY NATIONAL PARK, CA US","2021-10-08","90","75","75"
"USC00042319","DEATH VALLEY NATIONAL PARK, CA US","2021-10-09","90","68","79"
"USC00042319","DEATH VALLEY NATIONAL PARK, CA US","2021-10-10","93","70","73"
"USC00042319","DEATH VALLEY NATIONAL PARK, CA US","2021-10-11","87","61","63"
"USC00042319","DEATH VALLEY NATIONAL PARK, CA US","2021-10-12","80","61","67"
"USC00042319","DEATH VALLEY NATIONAL PARK, CA US","2021-10-13","81","56","65"
"USC00042319","DEATH VALLEY NATIONAL PARK, CA US","2021-10-14","88","53","77"
"USC00042319","DEATH VALLEY NATIONAL PARK, CA US","2021-10-15","89","65","69"
"USC00042319","DEATH VALLEY NATIONAL PARK, CA US","2021-10-16","94","60","72"
"USC00042319","DEATH VALLEY NATIONAL PARK, CA US","2021-10-17","92","55","80"
"USC00042319","DEATH VALLEY NATIONAL PARK, CA US","2021-10-18","83","65","66"
"USC00042319","DEATH VALLEY NATIONAL PARK, CA US","2021-10-19","83","53","68"
"USC00042319","DEATH VALLEY NATIONAL PARK, CA US","2021-10-20","83","55","66"
"USC00042319","DEATH VALLEY NATIONAL PARK, CA US","2021-10-21","87","58","71"
"USC00042319","DEATH VALLEY NATIONAL PARK, CA US","2021-10-22","88","58","78"
"USC00042319","DEATH VALLEY NATIONAL PARK, CA US","2021-10-23","88","72","76"
"USC00042319","DEATH VALLEY NATIONAL PARK, CA US","2021-10-24","84","70","82"
"USC00042319","DEATH VALLEY NATIONAL PARK, CA US","2021-10-25","82","61","63"
"USC00042319","DEATH VALLEY NATIONAL PARK, CA US","2021-10-26","81","51","66"
"USC00042319","DEATH VALLEY NATIONAL PARK, CA US","2021-10-27","86","55","68"
"USC00042319","DEATH VALLEY NATIONAL PARK, CA US","2021-10-28","94","58","75"
"USC00042319","DEATH VALLEY NATIONAL PARK, CA US","2021-10-29","94","62","71"
"USC00042319","DEATH VALLEY NATIONAL PARK, CA US","2021-10-30","90","59","74"
"USC00042319","DEATH VALLEY NATIONAL PARK, CA US","2021-10-31","90","62","78"
"USC00042319","DEATH VALLEY NATIONAL PARK, CA US","2021-11-01","86","63","68"
"USC00042319","DEATH VALLEY NATIONAL PARK, CA US","2021-11-02","86","57","72"
"USC00042319","DEATH VALLEY NATIONAL PARK, CA US","2021-11-03","90","57","74"
"USC00042319","DEATH VALLEY NATIONAL PARK, CA US","2021-11-04","87","59","68"
"USC00042319","DEATH VALLEY NATIONAL PARK, CA US","2021-11-05","90","56","69"
"USC00042319","DEATH VALLEY NATIONAL PARK, CA US","2021-11-06","87","57","70"
"USC00042319","DEATH VALLEY NATIONAL PARK, CA US","2021-11-07","87","58","73"
"USC00042319","DEATH VALLEY NATIONAL PARK, CA US","2021-11-08","86","63","66"
"USC00042319","DEATH VALLEY NATIONAL PARK, CA US","2021-11-09","86","61","64"
"USC00042319","DEATH VALLEY NATIONAL PARK, CA US","2021-11-10","83","58","79"
"USC00042319","DEATH VALLEY NATIONAL PARK, CA US","2021-11-11","92","68","73"
"USC00042319","DEATH VALLEY NATIONAL PARK, CA US","2021-11-12","94","62","71"
"USC00042319","DEATH VALLEY NATIONAL PARK, CA US","2021-11-13","91","57","66"
"USC00042319","DEATH VALLEY NATIONAL PARK, CA US","2021-11-14","88","56","65"
"USC00042319","DEATH VALLEY NATIONAL PARK, CA US","2021-11-15","84","55","66"
"USC00042319","DEATH VALLEY NATIONAL PARK, CA US","2021-11-16","87","57","62"
"USC00042319","DEATH VALLEY NATIONAL PARK, CA US","2021-11-17","84","56","63"
"USC00042319","DEATH VALLEY NATIONAL PARK, CA US","2021-11-18","80","51","62"
"USC00042319","DEATH VALLEY NATIONAL PARK, CA US","2021-11-19","79","52","60"
"USC00042319","DEATH VALLEY NATIONAL PARK, CA US","2021-11-20","83","50","67"
"USC00042319","DEATH VALLEY NATIONAL PARK, CA US","2021-11-21","83","58","66"
"USC00042319","DEATH VALLEY NATIONAL PARK, CA US","2021-11-22","79","51","59"
"USC00042319","DEATH VALLEY NATIONAL PARK, CA US","2021-11-23","76","48","68"
"USC00042319","DEATH VALLEY NATIONAL PARK, CA US","2021-11-24","75","61","63"
"USC00042319","DEATH VALLEY NATIONAL PARK, CA US","2021-11-25","75","49","50"
"USC00042319","DEATH VALLEY NATIONAL PARK, CA US","2021-11-26","72","41","55"
"USC00042319","DEATH VALLEY NATIONAL PARK, CA US","2021-11-27","74","41","54"
"USC00042319","DEATH VALLEY NATIONAL PARK, CA US","2021-11-28","76","42","61"
"USC00042319","DEATH VALLEY NATIONAL PARK, CA US","2021-11-29","76","44","55"
"USC00042319","DEATH VALLEY NATIONAL PARK, CA US","2021-11-30","81","44","55"
"USC00042319","DEATH VALLEY NATIONAL PARK, CA US","2021-12-01","81","48","62"
"USC00042319","DEATH VALLEY NATIONAL PARK, CA US","2021-12-02","78","45","56"
"USC00042319","DEATH VALLEY NATIONAL PARK, CA US","2021-12-03","77","47","54"
"USC00042319","DEATH VALLEY NATIONAL PARK, CA US","2021-12-04","76","43","55"
"USC00042319","DEATH VALLEY NATIONAL PARK, CA US","2021-12-05","75","43","54"
"USC00042319","DEATH VALLEY NATIONAL PARK, CA US","2021-12-06","69","46","58"
"USC00042319","DEATH VALLEY NATIONAL PARK, CA US","2021-12-07","68","53","60"
"USC00042319","DEATH VALLEY NATIONAL PARK, CA US","2021-12-08","76","49","57"
"USC00042319","DEATH VALLEY NATIONAL PARK, CA US","2021-12-09","72","48","51"
"USC00042319","DEATH VALLEY NATIONAL PARK, CA US","2021-12-10","65","44","48"
"USC00042319","DEATH VALLEY NATIONAL PARK, CA US","2021-12-11","63","41","43"
"USC00042319","DEATH VALLEY NATIONAL PARK, CA US","2021-12-12","61","34","46"
"USC00042319","DEATH VALLEY NATIONAL PARK, CA US","2021-12-13","63","35","60"
"USC00042319","DEATH VALLEY NATIONAL PARK, CA US","2021-12-14","66","42","43"
"USC00042319","DEATH VALLEY NATIONAL PARK, CA US","2021-12-15","59","40","44"
"USC00042319","DEATH VALLEY NATIONAL PARK, CA US","2021-12-16","58","36","43"
"USC00042319","DEATH VALLEY NATIONAL PARK, CA US","2021-12-17","64","39","51"
"USC00042319","DEATH VALLEY NATIONAL PARK, CA US","2021-12-18","62","38","42"
"USC00042319","DEATH VALLEY NATIONAL PARK, CA US","2021-12-19","62","34","42"
"USC00042319","DEATH VALLEY NATIONAL PARK, CA US","2021-12-20","59","33","47"
"USC00042319","DEATH VALLEY NATIONAL PARK, CA US","2021-12-21","62","38","45"
"USC00042319","DEATH VALLEY NATIONAL PARK, CA US","2021-12-22","56","35","47"
"USC00042319","DEATH VALLEY NATIONAL PARK, CA US","2021-12-23","56","45","52"
"USC00042319","DEATH VALLEY NATIONAL PARK, CA US","2021-12-24","74","48",
"USC00042319","DEATH VALLEY NATIONAL PARK, CA US","2021-12-25","72","51","59"
"USC00042319","DEATH VALLEY NATIONAL PARK, CA US","2021-12-26","67","52","53"
"USC00042319","DEATH VALLEY NATIONAL PARK, CA US","2021-12-27","62","47","47"
"USC00042319","DEATH VALLEY NATIONAL PARK, CA US","2021-12-28","55","41","45"
"USC00042319","DEATH VALLEY NATIONAL PARK, CA US","2021-12-29","52","36","48"
"USC00042319","DEATH VALLEY NATIONAL PARK, CA US","2021-12-30","53","46","49"
"USC00042319","DEATH VALLEY NATIONAL PARK, CA US","2021-12-31","64","46","51"
